{"Amc": 0, "Awc": 0, "BU": 10000, "BL": 1, "mukp": [[5.354091459520895, 3.669880798486541, 1.1189434123900244, 6.120875935837516, 9.705796653099044], [9.720460764431879, 2.584530413515323, 9.557761844516838, 9.182218469166944, 1.6004459918101048]], "Okp": [[6.950141788523651, 7.34022813062417, 1.00641195595711, 14.294767459021253, 14.349890998010162], [11.689797343006827, 10.059805382751598, 9.384756765139102, 14.757573468236744, 4.760179905340225]], "Dpt": [[272, 319], [547, 241], [375, 120], [450, 444], [844, 184]], "Tkpmw": [[[[0.3383120295142451, 0.32094809688561743, 0.6975497912588055, 0.2561106837294149], [0.3804366393087393, 0.725269916351139, 0.45816354371309287, 0.6322275443275494], [0.2080916564962012, 0.9321169310095744, 0.24862221727650657, 0.8990525292657383], [0.9276655281478747, 0.5266465057040004, 0.5073104455389867, 0.4106045383717897], [0.387750944539641, 0.9549817559255344, 0.8050404520782921, 0.3182354612858196]], [[0.8280727264363178, 0.8730475741973291, 0.7547324362167789, 0.6148745174355235], [0.9315084425461215, 0.8986894607583893, 0.4676370842393903, 0.8915105403078593], [0.7727330848001406, 0.45337013764949874, 0.5397477958197363, 0.8202115920664909], [0.26341732412505814, 0.22428275677578513, 0.2512896160577376, 0.277014176330475], [0.41572893309090464, 0.9016625517807201, 0.638050312802203, 0.7486510370105309]], [[0.9780052076420912, 0.6979030050591242, 0.2643414676235857, 0.8821127248558863], [0.941255021808016, 0.017226323177408576, 0.2992750699376082, 0.9077814862236622], [0.4727264166302235, 0.737188477269936, 0.1224427028598346, 0.2710921539286868], [0.7709768395534735, 0.8511139392271363, 0.903636014612138, 0.9950171474464816], [0.7035029813553915, 0.6628018354537147, 0.7661486712470916, 0.6264209991282346]], [[0.45564621110529724, 0.35712130763455396, 0.15682840283810295, 0.08331576659573536], [0.17362460261537882, 0.8001232939655337, 0.7398390058556334, 0.22307151314163132], [0.5689995373980075, 0.4971500647958905, 0.4970729589967805, 0.5282073959380477], [0.5447860443954367, 0.12213808557884609, 0.6995223323472365, 0.870110266564811], [0.42183031481800015, 0.5399416038212672, 0.033254507943065836, 0.40193971743899715]], [[0.712880659136237, 0.5862921247673188, 0.546765189898288, 0.926130204071895], [0.44587050546189544, 0.021918474254039366, 0.8120406023288003, 0.2528512221354342], [0.9351923247140802, 0.2335833524792319, 0.10211208623522261, 0.5952908189638891], [0.9271879550110281, 0.8472578636515657, 0.9914400752130618, 0.98746681908563], [0.9465606227554406, 0.7855763509519567, 0.5434493403342372, 0.4775145765890484]]], [[[0.43327242129179333, 0.26426493692925124, 0.785184268391926, 0.2854347416130232], [0.6479640775715965, 0.6189081232905158, 0.7335352966685779, 0.2829794198448442], [0.6326775202452513, 0.13860352510229101, 0.7853967079861368, 0.8891652697470014], [0.3914247329588644, 0.847517141703351, 0.702605634982033, 0.3937327849623138], [0.01310032842783182, 0.021764892995241647, 0.8256544197605435, 0.7273002114659644]], [[0.9461863084557679, 0.9887540903964389, 0.33224612514381735, 0.18258206891709883], [0.7127308928104048, 0.002978501817751944, 0.5930775716755259, 0.5587238076263736], [0.2568254186678295, 0.07804390610467404, 0.6891294734337121, 0.6237000471081897], [0.07450630680399484, 0.7319691053486489, 0.16753576664861713, 0.7844625136177579], [0.18000533757669035, 0.4891038913047352, 0.15807985459388896, 0.6857097758703936]], [[0.06541623417168774, 0.21532277485011042, 0.9322392724648509, 0.41565850802404114], [0.6909946389657515, 0.470539352525449, 0.5237647973378152, 0.6516341746649614], [0.38580929856485124, 0.7604809628941303, 0.3646750338204797, 0.8791953068125524], [0.8113804620422073, 0.13425112979177378, 0.16047447690204109, 0.946705031591381], [0.5065762913423404, 0.6918481200603913, 0.14059967843448873, 0.9942763324874239]], [[0.4403692456282181, 0.05336019677456372, 0.6971269897516364, 0.7897497020211351], [0.9118948157083426, 0.9794568973441431, 0.5900494167355986, 0.9273186279101565], [0.33643275887465174, 0.2751844106617026, 0.07829971619827669, 0.698159203755297], [0.24687575341649448, 0.13230679178774463, 0.7721110287378612, 0.18448828553744634], [0.8173051692577327, 0.19167739461483624, 0.31039885831129177, 0.7063046254576552]], [[0.4600410075662599, 0.7494335470106228, 0.5243920849259385, 0.3390652165567779], [0.286674549354507, 0.5626190663355477, 0.286105852877897, 0.5270576393006369], [0.8303174480063631, 0.6410220238287172, 0.3379429722041791, 0.6602172072225494], [0.18649626508117267, 0.17032200415454124, 0.9537132296513774, 0.7470209417942959], [0.5364873862172438, 0.8328815266369556, 0.843964039458897, 0.8008739890420973]]]], "Tw": [85, 57, 74, 46], "IEp": [1.768230410589048, 1.0130279979179722, 0.49401608452678014, 1.2339279486843084, 1.3601743220099412], "Tm": [235, 88, 394, 84, 512], "IAp": [1.0808895645780818, 0.16247120408004437, 1.474356488877023, 1.9941593136163078, 0.1953786724483625], "Sw": [816.9191005984919, 811.2573073331791, 120.58186246541084, 715.8484375325224], "alpha_m": [1925.5510560992534, 1674.0199983408615, 1886.4254788241856, 1544.1810948323744, 1856.4701469856284], "Hw": [[301.62260819122173, 356.61167864374283], [366.4070992442688, 339.08620803859935], [459.4150311647097, 167.17187548582805], [319.69661287698483, 127.31930141207371]], "beta_m": [13.644909661926725, 13.271582527323275, 10.481196466035373, 2.1851974935116445, 14.362304969775224], "Fw": [[105.61546088846691, 369.96295254255006], [344.0153745459413, 428.8915157772129], [212.92204714171854, 214.49630583785375], [367.20149376427514, 335.3913001018552]], "delta_m": [208.2730449757737, 594.8172510796251, 480.732855152145, 649.0327214721304, 349.3454448375768]}