{"Amc": 0, "Awc": 0, "BU": 10000, "BL": 1, "mukp": [[6.876102566199331, 4.210684656506546, 9.896795468330414, 2.7136276398030224, 5.595885591308496], [3.2424519338617044, 4.23795276079713, 8.134915502841032, 3.248347157309384, 3.6127593192422305]], "Okp": [[17.053550754828557, 1.7532266365284284, 6.976851081501136, 3.24058952245529, 12.816739342310537], [10.096133922750166, 6.383145793856948, 2.546870730650136, 18.111252726169855, 2.6225334507440863]], "Dpt": [[230, 419], [866, 772], [692, 770], [588, 810], [210, 511]], "Tkpmw": [[[[0.7406303405125984, 0.2959067715239524, 0.9981470599210297, 0.8428703501321823], [0.15756334094851487, 0.01016026842708928, 0.8378727407307995, 0.25623920120558763], [0.5289025346001978, 0.1178966718244604, 0.6378940217298519, 0.5323095987180296], [0.47892012576119924, 0.1871949909928734, 0.1424413071554187, 0.8502973753447363], [0.5588761771186951, 0.5357980463843062, 0.3974974399197879, 0.9286190237489268]], [[0.6296215772963693, 0.3673460870812224, 0.4038263807447242, 0.5058066781162778], [0.05872028632077131, 0.89986778387784, 0.8413552187994489, 0.7944856315914137], [0.15632282334465042, 0.042939101615375286, 0.19892200916878744, 0.7128696250386775], [0.4135116113081293, 0.009887093909117461, 0.9227063384584037, 0.4093921494603808], [0.03183887303042543, 0.8184501611968371, 0.5882759199539254, 0.7636953856492481]], [[0.8838684420899635, 0.819846654917307, 0.8386746071130616, 0.07097598353685974], [0.16131183346466427, 0.1826645508675946, 0.7525566762211002, 0.46028397888070016], [0.7457038469814607, 0.578969486077239, 0.18355537928640198, 0.30012431380098437], [0.9353125754621172, 0.31675261020868517, 0.13998852636883452, 0.8220649988923885], [0.13083357467217815, 0.9142868123329372, 0.10432828897882085, 0.4336082427759088]], [[0.009114596656802698, 0.340718269766322, 0.34343012354282654, 0.034199392210218726], [0.9407158381367604, 0.2902726960644789, 0.3056118995558721, 0.25387032934735476], [0.6630106156005046, 0.9951780324810229, 0.2677963621412339, 0.24793339175569873], [0.49698915782102415, 0.24454213961521554, 0.519634251164556, 0.582257408555758], [0.9738854386698821, 0.6395362359101517, 0.7002638688833663, 0.9127192439908153]], [[0.977184524017114, 0.7258908078880137, 0.9592699916170411, 0.8064997467091523], [0.6776995903546043, 0.5772907912135146, 0.5887026306624035, 0.7995582263213454], [0.6969966564190494, 0.3763093167931123, 0.4040395070884326, 0.5828167690912397], [0.2362096025949627, 0.6944294204539581, 0.871612337005307, 0.3060049089529425], [0.421888462713258, 0.8088710205195458, 0.8446456067342181, 0.9722509621419989]]], [[[0.7804630511360343, 0.4758392516049835, 0.09463378690961621, 0.6803655151664361], [0.0629167023191558, 0.9223613753389355, 0.3381944918643188, 0.4982532947801519], [0.7673128972200015, 0.7897575126039494, 0.685491840017304, 0.10287792063553602], [0.272894193584876, 0.05187628732519389, 0.715232568994517, 0.3325866028342187], [0.6188583945672961, 0.32728623328089657, 0.4730172672094993, 0.4514264277645058]], [[0.7666514032935485, 0.9588471292968608, 0.5588614173752473, 0.3764961992323834], [0.5310579077061944, 0.9366637625339682, 0.4060171683721958, 0.3688223728685007], [0.6034405325095158, 0.896054719339821, 0.9365397310953701, 0.42559489665742356], [0.5979893333324118, 0.7836306751452224, 0.7064819376656284, 0.8201051423048448], [0.9583303388274328, 0.790508243134294, 0.5417266586428418, 0.6487808508083663]], [[0.7487831973820825, 0.3486435095557924, 0.4437279167040984, 0.3598128825241069], [0.4203861893619376, 0.41117407211499757, 0.006366314958796915, 0.8394071416081772], [0.2062451133168718, 0.46777221504881494, 0.6795011050481945, 0.5776045929083324], [0.0047038727764113775, 0.6731830103206378, 0.947757715912681, 0.42734350527935017], [0.55278223489645, 0.766632668640091, 0.3378447260726567, 0.6213797000506015]], [[0.25063874451916746, 0.9802954436121204, 0.10304756493596123, 0.7616115392868825], [0.38280615719616984, 0.49581946432909185, 0.751741403259197, 0.8278386054641166], [0.21482553753394473, 0.6502718257247911, 0.4738353211050267, 0.9762987618844381], [0.774485312791943, 0.8429505518854353, 0.05955170678383159, 0.6889994269601301], [0.8330946097414899, 0.017864996735848626, 0.21644659990555604, 0.9196750887861502]], [[0.6977998609832423, 0.009629772868702258, 0.8331811516366635, 0.5000622628502177], [0.40716235614395735, 0.602555583470383, 0.016878835213091192, 0.08271464039564491], [0.4582691094165432, 0.26516745867215186, 0.9060515208428825, 0.7083959816574086], [0.016825374883357558, 0.18329301359590255, 0.5941587146651902, 0.19397715386400294], [0.6544338616500096, 0.5627004396318362, 0.6230103109043377, 0.7393498294644012]]]], "Tw": [39, 87, 16, 25], "IEp": [1.7350791691668634, 1.6078544285070953, 1.9740007266244244, 1.4103360464607397, 1.944724306923439], "Tm": [199, 652, 540, 817, 372], "IAp": [1.4575776146700963, 1.5362763031995224, 0.1982283019472403, 1.1590559255430137, 0.41625464233821885], "Sw": [941.7577244268678, 694.5199939030471, 588.243529901878, 843.1101085845497], "alpha_m": [1690.5928906786944, 1507.43306267927, 1317.9932140487786, 1955.6142881041367, 1493.5361224976737], "Hw": [[493.6270283311536, 200.20403259565592], [304.47739171701585, 469.4108718748646], [171.98260502902104, 384.64937235111046], [391.0876929940729, 101.56047410369192]], "beta_m": [13.311708315803067, 14.265831621147868, 9.703391550386598, 9.422615508791083, 11.798619752964495], "Fw": [[424.02671603859375, 270.6110196552478], [399.2088894211129, 160.05955211678597], [468.21946224315167, 464.98680855790667], [298.85629159794564, 103.59971895518476]], "delta_m": [435.9447496246168, 441.0898172947766, 370.63794531591157, 674.2702871883121, 998.6916271147721]}