{"Amc": 0, "Awc": 0, "BU": 10000, "BL": 1, "mukp": [[1.5535388650857047, 1.1840583661991182, 7.281527215481922, 7.761912781750298], [4.860225799232227, 7.313615994764763, 1.4206500068370849, 8.215801945396699]], "Okp": [[15.813018600412953, 9.284065645526535, 6.287315835576858, 2.5332159011461703], [2.276981795157921, 3.4156782329571316, 5.501874391847606, 6.118690906470169]], "Dpt": [[272, 753], [506, 320], [501, 452], [980, 527]], "Tkpmw": [[[[0.9687537879002639, 0.33857434758403926, 0.8315266021230804], [0.5057050718997605, 0.7698149775824734, 0.40576064402955425], [0.6853930505701401, 0.06432931511883155, 0.6979385128051317], [0.1409037682019323, 0.21174730516446194, 0.49039877937697585]], [[0.8374901253918728, 0.7263895725854624, 0.5043512305871113], [0.9953892785827481, 0.9934772572488642, 0.5432076994835031], [0.8421683302432513, 0.06703637256321238, 0.7295260802663172], [0.8575481206243377, 0.0995594772675037, 0.5114942254316244]], [[0.5223011421943555, 0.6165392472518676, 0.7124226546752516], [0.18248776816972423, 0.6365194699018593, 0.05694468348023207], [0.9484294991835535, 0.24837814232942546, 0.7209762509667861], [0.8435621963235826, 0.4711723443176089, 0.3198948358341529]], [[0.9234288524500814, 0.10779349579045994, 0.5612005567978626], [0.0381732521752326, 0.7265607485895761, 0.5675107388821686], [0.614253492827941, 0.041995856517209273, 0.24907461736641878], [0.05099890623795733, 0.1781175401505466, 0.33916261716983354]]], [[[0.30596695010630515, 0.866916686874626, 0.5883840416478483], [0.7794473067852454, 0.5821745484689886, 0.8907517840523119], [0.3510356144952518, 0.0952452250416409, 0.13223320702085595], [0.530983186234458, 0.11417880957933435, 0.13806443307839344]], [[0.7394014477257138, 0.7704393334452687, 0.37416717760733387], [0.19647051915632774, 0.5543635170627487, 0.594465188729217], [0.9586507851823156, 0.012079071933384755, 0.8605831544747268], [0.4921709392021737, 0.00545057279831529, 0.3934218047258955]], [[0.6638083945032731, 0.9132708326305593, 0.2319853149381489], [0.478591817337259, 0.47220295970091286, 0.6386599394665784], [0.07502903646929915, 0.24575952969374126, 0.6532520044401253], [0.4682845373013783, 0.7857982175584629, 0.14810859685739053]], [[0.5785126972776984, 0.5086677545851283, 0.35270685895378984], [0.11402051383356981, 0.2691273151925391, 0.021949170079648472], [0.7405842045715776, 0.7178749013057539, 0.6909109117173049], [0.02455600385356249, 0.52746908339787, 0.4535935038048301]]]], "Tw": [11, 26, 47], "IEp": [1.0558694987987653, 1.8869231098700678, 0.3265787001312127, 0.946269477759643], "Tm": [38, 734, 214, 959], "IAp": [1.5954317376453782, 0.7611186177721398, 0.14678164657330256, 1.6067586109887086], "Sw": [664.4946032774561, 292.51494722050677, 836.537502752831], "alpha_m": [1469.8691538375094, 1940.9042721919789, 1407.4869249364633, 1775.8283922152834], "Hw": [[245.41474390264378, 472.7340975742584], [296.36007052408723, 243.01796414820652], [392.2075455700521, 274.7591259304645]], "beta_m": [7.882605560716528, 15.90964722769975, 11.013383464505504, 3.0891494257451013], "Fw": [[241.7030361903553, 379.6666148092597], [492.1766441412629, 488.09765843461497], [472.7873659931009, 203.63665657058405]], "delta_m": [937.3771436126742, 376.755741557427, 744.2272215098927, 994.4310256093416]}