{"Amc": 0, "Awc": 0, "BU": 10000, "BL": 1, "mukp": [[5.463892138407326, 6.819224205592006, 4.038155493044917, 7.859747767630317, 2.6435261027192847, 4.603607839805356, 1.7435981676690164, 6.8104516041224485], [6.834221329412289, 6.81957280683276, 4.020234946029511, 7.9581309053085665, 4.34051807973003, 9.800829887112021, 8.251579481231733, 3.539583846529963]], "Okp": [[10.412340403403048, 14.20183362019957, 1.641401311378212, 10.298743303672719, 6.167759451651175, 5.907605848507259, 7.257416084294966, 4.43346293871166], [4.025122329140939, 4.272277096883264, 12.30815718780363, 11.569877365432625, 16.2348822424816, 9.295925794927314, 9.72426905134928, 11.992614757685821]], "Dpt": [[421, 154], [467, 932], [191, 208], [788, 469], [583, 712], [410, 536], [688, 465], [853, 601]], "Tkpmw": [[[[0.09979925629265396, 0.9139496208537197, 0.19235449767318546, 0.1548870297446321, 0.9656615293451335, 0.24373959057349426, 0.8182563760048567], [0.21555194478206274, 0.4315718565590355, 0.13455681773935102, 0.5429880971675588, 0.31053090787520576, 0.12094171849321933, 0.33753067768881984], [0.39081781997097687, 0.37023918878257867, 0.42869039636835093, 0.5674321701512354, 0.6965537345111267, 0.6198620501384345, 0.7064686566153957], [0.15267365529904586, 0.9084028732743372, 0.02824889923446472, 0.7820347959492265, 0.6003147409089679, 0.17734339008212485, 0.6568544267611306], [0.19022147779939746, 0.9104424487174774, 0.850414104354466, 0.3162033581590713, 0.6097921788041162, 0.7586564429482155, 0.9687335643062058], [0.3540549092706775, 0.48230694633390914, 0.7992671706971852, 0.8735807911370254, 0.03544261560168627, 0.25308742788255134, 0.23453860383920633]], [[0.9291820303424173, 0.8180419152213702, 0.6395431074638654, 0.3915615505327562, 0.8900147540570624, 0.7491673643139295, 0.36839677705936735], [0.1215916383813117, 0.34955640554972023, 0.9360098119765521, 0.9119113687798, 0.22442844779151971, 0.7017281659888893, 0.9611254685308009], [0.9809155664190614, 0.22046370274652205, 0.8405932970183555, 0.06549595517983364, 0.8897837238448402, 0.15044034103090353, 0.010137947589481722], [0.2781236762350905, 0.030385494899642818, 0.5726456454932952, 0.48492534624258876, 0.9343811053606855, 0.23124224983954256, 0.8818161518987688], [0.764309785195277, 0.8636181025775387, 0.30986853901324884, 0.30236758405713504, 0.013156959835699311, 0.11438429604623768, 0.12758572418894087], [0.03912339622774463, 0.7808045270515489, 0.564967772843622, 0.20888786608552523, 0.47215278481824263, 0.509376277344457, 0.9059501545656347]], [[0.6763911200571706, 0.5156888209034942, 0.5294515201831903, 0.934787986643209, 0.025667789186500922, 0.78077890783357, 0.9432750317110338], [0.2023814074133552, 0.5704878093369636, 0.9966145300213716, 0.490659271084387, 0.6098481567626987, 0.761053914273636, 0.6078272199931835], [0.7453873834778579, 0.6735477929532023, 0.6674294870450044, 0.45231916728421995, 0.9930150636441362, 0.40801441245883896, 0.7157755127423611], [0.15340199461529302, 0.9241937680613225, 0.6928696980743038, 0.059200739952236514, 0.22185161529897168, 0.11375164718619579, 0.1224364623066756], [0.5940879062438468, 0.01399302285928683, 0.3901420660892557, 0.3418533038093753, 0.031019735905834733, 0.6926699965025558, 0.8976986593614324], [0.7279904563139852, 0.5158727762860642, 0.7899049857086269, 0.9186803386264883, 0.8997379574693775, 0.325995790675206, 0.06651289170051289]], [[0.8254765852674452, 0.9660226793579624, 0.2729403972621486, 0.8719722895889906, 0.4456139215112579, 0.8138426857044423, 0.06085864277034503], [0.31557440008209137, 0.11551306887256296, 0.2772318806848063, 0.21077109883958667, 0.4244366875480622, 0.1446971957897054, 0.9808079667896655], [0.6314045662167495, 0.26466305256384726, 0.20846398428763857, 0.8357906863195028, 0.6580863563209065, 0.5475345167519033, 0.8858464830990378], [0.2759314562278127, 0.5995536032800152, 0.7274322964223523, 0.18543878464408436, 0.6962907769737311, 0.09651778336604766, 0.9378046374036453], [0.2540306881387716, 0.6805595032176305, 0.764369501232753, 0.11406164804834118, 0.25502034737802903, 0.5879390770635731, 0.44654373774931777], [0.5901737934116497, 0.5234549197632383, 0.8314369139191119, 0.03000150178900607, 0.3377581797839013, 0.6839947369469902, 0.2635480271164855]], [[0.3561001360264009, 0.35840321142215037, 0.6347946686715104, 0.6415932572970148, 0.03360709391688432, 0.9356448969079337, 0.17221610251842534], [0.06947147327861958, 0.43411049581064376, 0.15431708390179089, 0.06225483042716751, 0.33966409894847505, 0.8894411218455701, 0.7158951671502239], [0.9282806134783929, 0.14924902569060283, 0.9785879262304099, 0.28256807813954754, 0.14427989622606463, 0.8982032513451981, 0.26252171765190513], [0.7048390401409407, 0.09135543250673772, 0.6294064219133989, 0.3988598043335162, 0.9587321051427348, 0.8166948693514059, 0.11507738551478375], [0.7169478391730467, 0.7735508348146719, 0.0413762446886613, 0.4737301077553222, 0.7110027956464208, 0.10786901274109917, 0.2709272138660005], [0.639148564984491, 0.005015741686244968, 0.791105082819225, 0.7222655651463433, 0.17882010576960827, 0.1960693319539215, 0.24728986031210598]], [[0.6213093886576352, 0.04029601668246907, 0.6714743492086819, 0.6535726648982481, 0.7935322522034759, 0.016990899880423793, 0.6794391265208458], [0.35889154002100876, 0.5173165888658791, 0.29200452295477464, 0.06990724036240159, 0.9643860970181222, 0.6439848770075176, 0.0194355473618939], [0.23111303243836046, 0.58572286537718, 0.2295229564342498, 0.9819478419697713, 0.5844464763592876, 0.2610743627667228, 0.7914754882421622], [0.7067034820058488, 0.8069198799938144, 0.1773855646025032, 0.22146543570388044, 0.44951629791685066, 0.9879702054701659, 0.06482120543243786], [0.0037987903846120608, 0.8127176973681762, 0.6953430636607191, 0.0014002689080616637, 0.7606628791467109, 0.731088446883323, 0.5587830022537883], [0.9201932923428724, 0.589592665884105, 0.7593386536348212, 0.8306072799937947, 0.5224702901587125, 0.3435640293803486, 0.18325143955226852]], [[0.986696077422793, 0.11618324223717713, 0.023287338328699336, 0.465398409391656, 0.39525213554814265, 0.25503335037263164, 0.9051586004683361], [0.9965075853851342, 0.22970284686449272, 0.2005400170519881, 0.4090292557373586, 0.7615773355073908, 0.20202358644457252, 0.8821214727759777], [0.8647450464958539, 0.49814856707452415, 0.6679498350263634, 0.6504219006155005, 0.38445800908482697, 0.8921650547739942, 0.422319692779876], [0.6044452628646941, 0.8191138335084874, 0.7735061809181901, 0.21190167081378486, 0.16596135012315927, 0.27617408277102473, 0.1208759009888768], [0.7118126440514932, 0.4000086620627463, 0.4202394108657689, 0.8331758108794942, 0.8001748941707493, 0.6130933739833061, 0.5283629320267196], [0.2499011343272245, 0.6701663708215856, 0.8535597063599238, 0.452455764415992, 0.5650327375432546, 0.5890153916155098, 0.3391241604834102]], [[0.8793814870438545, 0.14027014183052555, 0.9739167116100681, 0.9625127258880896, 0.7275894089672551, 0.1171665914574227, 0.7279188929840941], [0.9561662301527594, 0.9399589828330793, 0.06222231500395892, 0.07761683019133891, 0.050167604717029635, 0.8402897586396775, 0.7456896851503997], [0.09314911996913389, 0.6976695489384316, 0.7331219369519294, 0.7522944669218258, 0.9696808112642017, 0.428694661369867, 0.7512054324399624], [0.5632748115762086, 0.6020152555211207, 0.9063318747460573, 0.5388207810031876, 0.6691545303463768, 0.7523284707830143, 0.9909350677895838], [0.02527148394396772, 0.3574612652248753, 0.18559932536631607, 0.058084338407927705, 0.626078230038257, 0.23913404938587113, 0.0761194774880829], [0.17285610831255516, 0.48671775163970776, 0.07720120027893673, 0.2255376522349174, 0.04526637709802617, 0.02086922608309949, 0.8802838903624963]]], [[[0.33612264122921953, 0.24474515191886015, 0.6518327044070942, 0.5005487395943544, 0.861223119671624, 0.8480464306469099, 0.6346341784758894], [0.6482099752981105, 0.8699270878239043, 0.29169778697979654, 0.2050441153162601, 0.06158316826118693, 