{"Amc": 0, "Awc": 0, "BU": 10000, "BL": 1, "mukp": [[2.024608438080245, 3.8859281648526323, 4.700389236244992, 4.301312219823669], [3.0557986811490223, 8.387019312251038, 1.827219379762941, 8.018797258512574]], "Okp": [[13.501961765321884, 10.936667755904336, 3.6587045495154102, 3.3880846270094582], [17.98776351635834, 1.083078576177264, 19.265492015440014, 3.1824487800866206]], "Dpt": [[503, 936], [667, 958], [339, 605], [968, 686]], "Tkpmw": [[[[0.657500436514803, 0.42132676148821446, 0.8896618113931724], [0.1515103465353499, 0.11063740036521508, 0.6880750636042151], [0.8943765779852895, 0.6173925643491864, 0.8044690555415391], [0.07925863127313126, 0.7842239453137951, 0.13201201705120524]], [[0.8933802112823471, 0.16327530822289804, 0.3735925054296063], [0.45722944611947336, 0.36014700200714356, 0.4625674703784082], [0.7653234139531622, 0.8904568281694941, 0.8670077703457019], [0.6228213444029678, 0.9908316071340184, 0.023331962062952294]], [[0.3288066591785588, 0.5731464492231646, 0.7146544328715486], [0.5283849755353838, 0.11366693603672717, 0.2527927575417036], [0.49026372791710826, 0.5989636602831546, 0.6202069866790012], [0.15610372682741103, 0.30868280394467595, 0.683686511664834]], [[0.29874535807086255, 0.22153830378171513, 0.0002347424188892111], [0.4484056489630982, 0.10094849144908868, 0.3919991767443338], [0.24084475320627907, 0.42524851700753485, 0.11230756094126504], [0.9593906193794558, 0.531030032190221, 0.36395695325431143]]], [[[0.7312714102203307, 0.11522031898001239, 0.6183942802552712], [0.30210774070437973, 0.7650771085813249, 0.9560272588974386], [0.711479909471761, 0.45265001906804636, 0.9326439902323889], [0.2731426288526939, 0.47782736959319805, 0.3084633346468385]], [[0.8107079187532341, 0.9123089158832881, 0.06420378328896481], [0.28589685922475927, 0.017338490727137112, 0.9028432907556148], [0.3877317359049488, 0.25135287645064974, 0.5279779332145512], [0.2916905577380978, 0.01740581019062759, 0.6750542072581811]], [[0.41009477848069664, 0.4536431521580543, 0.3825878101465008], [0.29988034562495347, 0.15164954901267202, 0.1661347347190959], [0.8077623672387944, 0.07586504249952664, 0.1510525800703233], [0.2918309404430772, 0.5889817278620592, 0.7344453056798512]], [[0.88941737965232, 0.6383365054616807, 0.5220632437055132], [0.01969154173679799, 0.9688228465554082, 0.9944382444076242], [0.2009954123024168, 0.28420151090202883, 0.021517970729380997], [0.32195196138993054, 0.9180752814276467, 0.767731625425341]]]], "Tw": [76, 35, 45], "IEp": [0.4202948995949348, 0.8325915013409243, 0.590892710931537, 1.867109518151928], "Tm": [596, 621, 439, 954], "IAp": [1.4835975371798582, 1.6267282326787964, 1.8617831081814338, 1.286745787086967], "Sw": [547.4008041895304, 489.22958298127463, 879.6566616123235], "alpha_m": [1422.9150919550996, 1027.6642664332526, 1238.653725497722, 1811.5591829987623], "Hw": [[452.17081745871104, 445.54043611847084], [333.89533578115163, 234.51387765977336], [459.03456922839354, 186.01704983136534]], "beta_m": [1.0064330170706999, 11.073691396796491, 10.369562819411485, 6.663696069385398], "Fw": [[279.4898016092572, 491.14882648609375], [408.1971720576903, 442.3409372104862], [394.8438655958647, 214.43183410403694]], "delta_m": [349.23410547536, 859.1724038468745, 283.52035703242905, 285.0493065465424]}